{
	"info": {
		"_postman_id": "d2c05234-d7f7-4674-ba6a-11ca55c05a52",
		"name": "GiornaleOnline",
		"schema": "https://schema.getpostman.com/json/collection/v2.1.0/collection.json",
		"_exporter_id": "224497"
	},
	"item": [
		{
			"name": "Articoli",
			"item": [
				{
					"name": "All",
					"request": {
						"method": "GET",
						"header": [],
						"url": {
							"raw": "{{BASE_URL}}/Articoli",
							"host": [
								"{{BASE_URL}}"
							],
							"path": [
								"Articoli"
							]
						}
					},
					"response": []
				},
				{
					"name": "Miei",
					"request": {
						"method": "GET",
						"header": [],
						"url": {
							"raw": "{{BASE_URL}}/Articoli/miei",
							"host": [
								"{{BASE_URL}}"
							],
							"path": [
								"Articoli",
								"miei"
							]
						}
					},
					"response": []
				},
				{
					"name": "ById",
					"request": {
						"method": "GET",
						"header": [],
						"url": {
							"raw": "{{BASE_URL}}/Articoli/1",
							"host": [
								"{{BASE_URL}}"
							],
							"path": [
								"Articoli",
								"1"
							]
						}
					},
					"response": []
				},
				{
					"name": "Delete",
					"request": {
						"method": "DELETE",
						"header": [],
						"url": {
							"raw": "{{BASE_URL}}/Articoli/1",
							"host": [
								"{{BASE_URL}}"
							],
							"path": [
								"Articoli",
								"1"
							]
						}
					},
					"response": []
				},
				{
					"name": "EditById",
					"request": {
						"method": "GET",
						"header": [],
						"url": {
							"raw": "{{BASE_URL}}/Articoli/edit/1",
							"host": [
								"{{BASE_URL}}"
							],
							"path": [
								"Articoli",
								"edit",
								"1"
							]
						}
					},
					"response": []
				},
				{
					"name": "Add",
					"request": {
						"method": "POST",
						"header": [],
						"body": {
							"mode": "raw",
							"raw": "{\r\n  \"autoreId\": 0,\r\n  \"categoriaId\": 0,\r\n  \"titolo\": \"Titolo test\",\r\n  \"testo\": \"Testo di prova\",\r\n  \"pubblicato\": true  \r\n}",
							"options": {
								"raw": {
									"language": "json"
								}
							}
						},
						"url": {
							"raw": "{{BASE_URL}}/Articoli",
							"host": [
								"{{BASE_URL}}"
							],
							"path": [
								"Articoli"
							]
						}
					},
					"response": []
				},
				{
					"name": "Update",
					"request": {
						"method": "PUT",
						"header": [],
						"body": {
							"mode": "raw",
							"raw": "{\r\n  \"id\": 1,\r\n  \"autoreId\": 1,\r\n  \"categoriaId\": 1,\r\n  \"titolo\": \"Titolo test 2\",\r\n  \"testo\": \"Testo di prova 2\",\r\n  \"pubblicato\": true  \r\n}",
							"options": {
								"raw": {
									"language": "json"
								}
							}
						},
						"url": {
							"raw": "{{BASE_URL}}/Articoli/1",
							"host": [
								"{{BASE_URL}}"
							],
							"path": [
								"Articoli",
								"1"
							]
						}
					},
					"response": []
				}
			],
			"event": [
				{
					"listen": "prerequest",
					"script": {
						"type": "text/javascript",
						"exec": [
							""
						]
					}
				},
				{
					"listen": "test",
					"script": {
						"type": "text/javascript",
						"exec": [
							""
						]
					}
				}
			]
		},
		{
			"name": "Categorie",
			"item": [
				{
					"name": "All",
					"request": {
						"method": "GET",
						"header": [],
						"url": {
							"raw": "{{BASE_URL}}/Categorie",
							"host": [
								"{{BASE_URL}}"
							],
							"path": [
								"Categorie"
							]
						}
					},
					"response": []
				},
				{
					"name": "ById",
					"request": {
						"method": "GET",
						"header": [],
						"url": {
							"raw": "{{BASE_URL}}/Categorie/1",
							"host": [
								"{{BASE_URL}}"
							],
							"path": [
								"Categorie",
								"1"
							]
						}
					},
					"response": []
				},
				{
					"name": "Delete",
					"request": {
						"method": "DELETE",
						"header": [],
						"url": {
							"raw": "{{BASE_URL}}/Categorie/2",
							"host": [
								"{{BASE_URL}}"
							],
							"path": [
								"Categorie",
								"2"
							]
						}
					},
					"response": []
				},
				{
					"name": "EditById",
					"request": {
						"method": "GET",
						"header": [],
						"url": {
							"raw": "{{BASE_URL}}/Categorie/edit/1",
							"host": [
								"{{BASE_URL}}"
							],
							"path": [
								"Categorie",
								"edit",
								"1"
							]
						}
					},
					"response": []
				},
				{
					"name": "Add",
					"request": {
						"method": "POST",
						"header": [],
						"body": {
							"mode": "raw",
							"raw": "{\r\n  \"nome\": \"Finanza\"\r\n}",
							"options": {
								"raw": {
									"language": "json"
								}
							}
						},
						"url": {
							"raw": "{{BASE_URL}}/Categorie",
							"host": [
								"{{BASE_URL}}"
							],
							"path": [
								"Categorie"
							]
						}
					},
					"response": []
				},
				{
					"name": "Update",
					"request": {
						"method": "PUT",
						"header": [],
						"body": {
							"mode": "raw",
							"raw": "{\r\n    \"id\": 2,\r\n    \"nome\": \"Finance\"\r\n}",
							"options": {
								"raw": {
									"language": "json"
								}
							}
						},
						"url": {
							"raw": "{{BASE_URL}}/Categorie/2",
							"host": [
								"{{BASE_URL}}"
							],
							"path": [
								"Categorie",
								"2"
							]
						}
					},
					"response": []
				}
			],
			"event": [
				{
					"listen": "prerequest",
					"script": {
						"type": "text/javascript",
						"exec": [
							""
						]
					}
				},
				{
					"listen": "test",
					"script": {
						"type": "text/javascript",
						"exec": [
							""
						]
					}
				}
			]
		},
		{
			"name": "Utenti",
			"item": [
				{
					"name": "Login",
					"request": {
						"method": "POST",
						"header": [],
						"body": {
							"mode": "raw",
							"raw": "{\r\n  \"username\": \"gigi\",\r\n  \"password\": \"pass\"\r\n}",
							"options": {
								"raw": {
									"language": "json"
								}
							}
						},
						"url": {
							"raw": "{{BASE_URL}}/Utenti/Login",
							"host": [
								"{{BASE_URL}}"
							],
							"path": [
								"Utenti",
								"Login"
							]
						}
					},
					"response": []
				},
				{
					"name": "Register",
					"request": {
						"method": "POST",
						"header": [],
						"body": {
							"mode": "raw",
							"raw": "{\r\n  \"nome\": \"Gigi Rossi\",\r\n  \"username\": \"gigi\",\r\n  \"password\": \"pass\"\r\n}",
							"options": {
								"raw": {
									"language": "json"
								}
							}
						},
						"url": {
							"raw": "{{BASE_URL}}/Utenti/Register",
							"host": [
								"{{BASE_URL}}"
							],
							"path": [
								"Utenti",
								"Register"
							]
						}
					},
					"response": []
				}
			]
		}
	],
	"event": [
		{
			"listen": "prerequest",
			"script": {
				"type": "text/javascript",
				"exec": [
					""
				]
			}
		},
		{
			"listen": "test",
			"script": {
				"type": "text/javascript",
				"exec": [
					""
				]
			}
		}
	],
	"variable": [
		{
			"key": "BASE_URL",
			"value": "https://localhost:7298",
			"type": "string"
		}
	]
}